{
  "bins": [
    -0.5,
    -0.45,
    -0.4,
    -0.35,
    -0.3,
    -0.25,
    -0.19999999999999996,
    -0.14999999999999997,
    -0.09999999999999998,
    -0.04999999999999999,
    0.0,
    0.050000000000000044,
    0.10000000000000009,
    0.15000000000000002,
    0.20000000000000007,
    0.25,
    0.30000000000000004,
    0.3500000000000001,
    0.4,
    0.45000000000000007
  ],
  "counts": [
    8,
    15,
    23,
    38,
    43,
    59,
    74,
    87,
    112,
    158,
    166,
    186,
    155,
    189,
    152,
    139,
    117,
    105,
    95,
    74
  ],
  "mean": 0.1865231557054871,
  "median": 0.15062010367659218,
  "std": 0.3948676992126684
}